,time_,x_flow_1,x_flow_2,x_flow_3,y_flow_1,y_flow_2,y_flow_3,y_flow_4,P_O2,P_CO2,P_N2,P_GM,P_1,P_2,P_3,P_4,temp,temp_ref
0,2,3608.0,380.0,15996.0,0.0,0.0,0.0,0.0,3.99,3.74,3.79,0.02,-0.0,-0.0,-0.0,0.0,19.95,37.0
1,2,3618.0,378.0,15998.0,0.0,0.0,0.0,0.0,3.99,3.74,3.79,0.03,-0.0,-0.0,-0.0,-0.0,19.99,37.0
2,3,3618.0,378.0,15998.0,0.0,0.0,0.0,0.0,3.99,3.74,3.78,0.04,-0.0,0.0,-0.0,-0.0,19.99,37.0
3,3,3616.0,378.0,15998.0,0.0,0.0,0.0,0.0,3.99,3.74,3.79,0.05,-0.0,-0.01,-0.01,-0.0,19.99,37.0
4,3,3616.0,378.0,15998.0,0.0,0.0,0.0,0.0,3.99,3.74,3.79,0.06,-0.0,-0.01,-0.01,-0.0,19.99,37.0
5,4,3616.0,378.0,15998.0,0.0,0.0,0.0,0.0,3.99,3.74,3.78,0.07,-0.0,-0.01,-0.01,-0.0,19.99,37.0
6,4,3616.0,378.0,15998.0,0.0,0.0,0.0,0.0,3.98,3.74,3.79,0.08,-0.0,-0.01,-0.01,-0.0,19.99,37.0
7,4,3620.0,378.0,16000.0,0.0,0.0,0.0,0.0,3.98,3.73,3.79,0.09,-0.0,-0.01,-0.01,-0.0,20.02,37.0
8,5,3620.0,378.0,16000.0,0.0,0.0,0.0,0.0,3.98,3.73,3.79,0.1,-0.0,0.0,-0.0,0.0,20.02,37.0
9,5,3610.0,380.0,16012.0,0.0,0.0,0.0,0.0,3.98,3.73,3.79,0.12,-0.0,0.0,-0.0,0.0,20.02,37.0
10,6,3610.0,380.0,16012.0,0.0,0.0,0.0,0.0,3.98,3.73,3.78,0.13,-0.0,0.0,-0.0,0.0,20.05,37.0
11,6,3610.0,380.0,16012.0,0.0,0.0,0.0,0.0,3.98,3.73,3.78,0.14,-0.0,0.0,-0.0,0.0,20.05,37.0
12,6,3610.0,380.0,16012.0,0.0,0.0,0.0,0.0,3.99,3.74,3.78,0.15,0.0,0.0,-0.01,-0.0,20.08,37.0
13,7,3618.0,380.0,15998.0,0.0,0.0,0.0,0.0,3.98,3.74,3.79,0.16,-0.0,0.0,-0.01,-0.0,20.08,37.0
14,7,3618.0,380.0,15998.0,0.0,0.0,0.0,0.0,3.98,3.74,3.79,0.17,-0.0,0.0,-0.01,-0.0,20.08,37.0
15,8,0.0,0.0,0.0,0.0,0.0,0.0,0.0,3.98,3.74,3.79,0.18,-0.0,-0.0,-0.01,-0.0,20.08,37.0
16,8,0.0,0.0,0.0,0.0,0.0,0.0,0.0,3.98,3.73,3.79,0.19,-0.01,-0.0,-0.01,-0.0,20.11,37.0
17,8,0.0,0.0,0.0,0.0,0.0,0.0,0.0,3.98,3.73,3.79,0.2,-0.01,-0.0,-0.01,-0.0,20.14,37.0
18,9,0.0,0.0,0.0,0.0,0.0,0.0,0.0,3.98,3.73,3.79,0.21,-0.01,-0.0,-0.01,-0.0,20.11,37.0
19,9,0.0,0.0,0.0,0.0,0.0,0.0,0.0,3.98,3.73,3.79,0.22,-0.01,-0.0,-0.01,-0.0,20.14,37.0
20,9,0.0,0.0,0.0,0.0,0.0,0.0,0.0,3.98,3.73,3.79,0.23,-0.02,-0.0,-0.01,-0.0,20.14,37.0
21,10,0.0,0.0,0.0,0.0,0.0,0.0,0.0,3.98,3.73,3.8,0.24,-0.01,-0.0,-0.01,-0.01,20.14,37.0
22,10,0.0,0.0,0.0,0.0,0.0,0.0,0.0,3.98,3.73,3.8,0.25,-0.01,-0.0,-0.01,-0.0,20.17,37.0
23,10,0.0,0.0,0.0,0.0,0.0,0.0,0.0,3.98,3.73,3.8,0.26,-0.01,-0.0,-0.01,-0.0,20.21,37.0
24,11,0.0,0.0,0.0,0.0,0.0,0.0,0.0,3.98,3.73,3.8,0.27,-0.01,-0.0,-0.01,-0.0,20.24,37.0
25,11,0.0,0.0,0.0,0.0,0.0,0.0,0.0,3.99,3.73,3.8,0.28,-0.0,-0.0,-0.01,-0.0,20.21,37.0
26,11,0.0,0.0,0.0,0.0,0.0,0.0,0.0,3.99,3.74,3.8,0.29,-0.0,-0.0,-0.01,-0.0,20.24,37.0
27,12,0.0,0.0,0.0,0.0,0.0,0.0,0.0,3.99,3.73,3.8,0.3,-0.0,-0.0,-0.01,-0.0,20.24,37.0
28,12,0.0,0.0,0.0,0.0,0.0,0.0,0.0,3.99,3.73,3.8,0.31,-0.0,-0.0,-0.01,-0.0,20.24,37.0
29,12,0.0,0.0,0.0,0.0,0.0,0.0,0.0,3.99,3.73,3.81,0.32,-0.0,-0.0,-0.01,-0.0,20.27,37.0
30,13,0.0,0.0,0.0,0.0,0.0,0.0,0.0,3.98,3.73,3.81,0.33,-0.0,-0.0,-0.01,-0.0,20.3,37.0
31,13,0.0,0.0,0.0,0.0,0.0,0.0,0.0,3.98,3.73,3.81,0.34,-0.0,-0.0,-0.01,-0.0,20.27,37.0
32,13,0.0,0.0,0.0,0.0,0.0,0.0,0.0,3.98,3.73,3.81,0.35,-0.0,-0.0,-0.01,-0.0,20.33,37.0
33,14,0.0,0.0,0.0,0.0,0.0,0.0,0.0,3.98,3.73,3.81,0.36,-0.0,-0.0,0.0,-0.0,20.36,37.0
34,14,0.0,0.0,0.0,0.0,0.0,0.0,0.0,3.98,3.73,3.81,0.37,-0.0,-0.0,0.0,-0.0,20.33,37.0
35,14,0.0,0.0,0.0,0.0,0.0,0.0,0.0,3.99,3.73,3.81,0.38,-0.0,-0.0,0.0,-0.0,20.36,37.0
36,15,0.0,0.0,0.0,0.0,0.0,0.0,0.0,3.99,3.73,3.81,0.39,-0.0,-0.0,0.0,-0.0,20.36,37.0
37,15,0.0,0.0,0.0,0.0,0.0,0.0,0.0,3.99,3.73,3.81,0.4,-0.0,-0.0,0.0,-0.0,20.39,37.0
38,15,0.0,0.0,0.0,0.0,0.0,0.0,0.0,4.0,3.73,3.81,0.41,-0.0,-0.0,-0.01,-0.0,20.39,37.0
39,16,0.0,0.0,0.0,0.0,0.0,0.0,0.0,4.0,3.73,3.81,0.42,-0.0,-0.0,-0.01,-0.0,20.39,37.0
40,16,0.0,0.0,0.0,0.0,0.0,0.0,0.0,4.0,3.73,3.81,0.43,-0.0,-0.0,-0.01,-0.0,20.39,37.0
41,17,0.0,0.0,0.0,0.0,0.0,0.0,0.0,4.0,3.73,3.81,0.44,-0.0,-0.0,-0.01,-0.0,20.46,37.0
42,17,0.0,0.0,0.0,0.0,0.0,0.0,0.0,4.0,3.73,3.81,0.45,-0.0,-0.0,-0.01,-0.0,20.43,37.0
43,17,0.0,0.0,0.0,0.0,0.0,0.0,0.0,4.0,3.73,3.81,0.46,-0.0,-0.0,-0.01,-0.01,20.46,37.0
44,18,0.0,0.0,0.0,0.0,0.0,0.0,0.0,4.0,3.73,3.81,0.47,-0.0,-0.0,-0.01,-0.0,20.46,37.0
45,18,0.0,0.0,0.0,0.0,0.0,0.0,0.0,4.0,3.73,3.81,0.48,-0.01,-0.0,-0.01,-0.01,20.49,37.0
46,18,0.0,0.0,0.0,0.0,0.0,0.0,0.0,4.0,3.73,3.8,0.49,-0.01,-0.0,-0.01,0.0,20.46,37.0
47,19,0.0,0.0,0.0,0.0,0.0,0.0,0.0,4.0,3.73,3.8,0.5,-0.01,-0.0,-0.01,0.0,20.52,37.0
48,19,0.0,0.0,0.0,0.0,0.0,0.0,0.0,4.0,3.73,3.8,0.51,-0.01,-0.0,-0.01,0.0,20.52,37.0
49,19,0.0,0.0,0.0,0.0,0.0,0.0,0.0,4.0,3.73,3.81,0.52,-0.01,-0.0,-0.01,0.0,20.55,37.0
50,20,0.0,0.0,0.0,0.0,0.0,0.0,0.0,4.0,3.73,3.81,0.53,-0.01,-0.0,-0.01,-0.0,20.55,37.0
51,20,0.0,0.0,0.0,0.0,0.0,0.0,0.0,4.01,3.73,3.81,0.54,-0.0,-0.0,-0.01,-0.01,20.58,37.0
52,20,0.0,0.0,0.0,0.0,0.0,0.0,0.0,4.01,3.73,3.81,0.55,-0.0,-0.0,-0.01,-0.01,20.61,37.0
53,21,0.0,0.0,0.0,0.0,0.0,0.0,0.0,4.01,3.73,3.81,0.56,-0.0,-0.0,-0.01,-0.01,20.61,37.0
54,21,0.0,0.0,0.0,0.0,0.0,0.0,0.0,4.01,3.73,3.81,0.57,-0.0,-0.0,-0.01,-0.01,20.65,37.0
55,21,0.0,0.0,0.0,0.0,0.0,0.0,0.0,4.01,3.73,3.81,0.58,0.0,-0.0,-0.01,-0.0,20.65,37.0
56,22,0.0,0.0,0.0,0.0,0.0,0.0,0.0,4.01,3.73,3.81,0.59,-0.0,-0.0,-0.01,-0.0,20.65,37.0
57,22,0.0,0.0,0.0,0.0,0.0,0.0,0.0,4.01,3.73,3.81,0.6,-0.0,-0.0,-0.01,-0.0,20.68,37.0
58,22,0.0,0.0,0.0,0.0,0.0,0.0,0.0,4.01,3.73,3.81,0.61,-0.0,-0.0,-0.01,-0.0,20.71,37.0
59,23,0.0,0.0,0.0,0.0,0.0,0.0,0.0,4.01,3.74,3.81,0.63,-0.0,-0.0,-0.01,-0.01,20.74,37.0
60,23,0.0,0.0,0.0,0.0,0.0,0.0,0.0,4.01,3.73,3.81,0.64,-0.0,-0.0,-0.01,-0.01,20.74,37.0
61,23,0.0,0.0,0.0,0.0,0.0,0.0,0.0,4.01,3.73,3.81,0.65,-0.0,-0.0,-0.01,-0.01,20.74,37.0
62,24,0.0,0.0,0.0,0.0,0.0,0.0,0.0,4.01,3.73,3.81,0.66,-0.0,-0.0,-0.01,-0.01,20.74,37.0
63,24,0.0,0.0,0.0,0.0,0.0,0.0,0.0,4.01,3.73,3.81,0.67,-0.0,-0.0,-0.01,-0.01,20.8,37.0
64,24,0.0,0.0,0.0,0.0,0.0,0.0,0.0,4.01,3.73,3.81,0.68,-0.0,-0.0,-0.01,-0.0,20.8,37.0
65,25,0.0,0.0,0.0,0.0,0.0,0.0,0.0,4.01,3.73,3.81,0.69,-0.0,-0.0,-0.01,-0.01,20.83,37.0
66,25,0.0,0.0,0.0,0.0,0.0,0.0,0.0,4.01,3.73,3.81,0.7,-0.0,-0.0,-0.01,-0.0,20.8,37.0
67,25,0.0,0.0,0.0,0.0,0.0,0.0,0.0,4.01,3.73,3.81,0.71,-0.0,-0.0,-0.01,-0.0,20.83,37.0
68,26,0.0,0.0,0.0,0.0,0.0,0.0,0.0,4.01,3.73,3.81,0.72,-0.0,-0.0,-0.01,-0.0,20.87,37.0
69,26,0.0,0.0,0.0,0.0,0.0,0.0,0.0,4.01,3.73,3.81,0.73,-0.0,-0.0,-0.01,-0.0,20.9,37.0
70,26,0.0,0.0,0.0,0.0,0.0,0.0,0.0,4.01,3.73,3.81,0.74,-0.0,-0.0,-0.01,-0.0,20.9,37.0
71,27,0.0,0.0,0.0,0.0,0.0,0.0,0.0,4.01,3.73,3.81,0.75,-0.0,-0.0,-0.01,-0.01,20.87,37.0
72,27,0.0,0.0,0.0,0.0,0.0,0.0,0.0,4.01,3.73,3.81,0.76,-0.0,-0.0,-0.01,-0.01,20.93,37.0
73,28,0.0,0.0,0.0,0.0,0.0,0.0,0.0,4.01,3.73,3.81,0.77,-0.0,-0.0,-0.01,-0.01,20.93,37.0
74,28,0.0,0.0,0.0,0.0,0.0,0.0,0.0,4.01,3.73,3.81,0.78,-0.0,-0.0,-0.01,-0.01,20.96,37.0
75,28,0.0,0.0,0.0,0.0,0.0,0.0,0.0,4.01,3.73,3.81,0.79,-0.0,-0.01,-0.01,-0.01,20.96,37.0
76,29,0.0,0.0,0.0,0.0,0.0,0.0,0.0,4.01,3.73,3.81,0.8,-0.0,-0.01,-0.01,-0.01,20.96,37.0
77,29,0.0,0.0,0.0,0.0,0.0,0.0,0.0,4.01,3.73,3.8,0.81,-0.01,-0.01,-0.01,-0.02,21.02,37.0
78,29,0.0,0.0,0.0,0.0,0.0,0.0,0.0,4.01,3.73,3.8,0.82,-0.0,-0.01,-0.01,-0.01,21.02,37.0
79,30,0.0,0.0,0.0,0.0,0.0,0.0,0.0,4.01,3.73,3.81,0.83,-0.0,-0.01,-0.01,-0.01,21.05,37.0
80,30,0.0,0.0,0.0,0.0,0.0,0.0,0.0,4.01,3.73,3.81,0.84,-0.0,-0.0,-0.01,0.0,21.09,37.0
81,30,0.0,0.0,0.0,0.0,0.0,0.0,0.0,4.01,3.73,3.81,0.85,-0.0,-0.0,-0.01,-0.0,21.12,37.0
82,31,0.0,0.0,0.0,0.0,0.0,0.0,0.0,4.01,3.73,3.81,0.86,-0.0,-0.0,-0.01,0.0,21.15,37.0
83,31,0.0,0.0,0.0,0.0,0.0,0.0,0.0,4.01,3.73,3.81,0.87,-0.0,-0.0,-0.01,0.0,21.12,37.0
84,31,0.0,0.0,0.0,0.0,0.0,0.0,0.0,4.01,3.73,3.81,0.87,-0.0,-0.0,-0.01,0.0,21.15,37.0
85,32,0.0,0.0,0.0,0.0,0.0,0.0,0.0,4.02,3.73,3.81,0.88,-0.0,-0.0,-0.01,-0.0,21.15,37.0
86,32,0.0,0.0,0.0,0.0,0.0,0.0,0.0,4.02,3.73,3.81,0.88,-0.0,-0.0,-0.01,0.0,21.18,37.0
87,32,0.0,0.0,0.0,0.0,0.0,0.0,0.0,4.02,3.73,3.81,0.88,-0.0,-0.0,-0.01,-0.0,21.21,37.0
88,33,0.0,0.0,0.0,0.0,0.0,0.0,0.0,4.02,3.73,3.81,0.88,-0.01,-0.0,-0.01,-0.0,21.21,37.0
89,33,0.0,0.0,0.0,0.0,0.0,0.0,0.0,4.02,3.73,3.81,0.88,-0.01,-0.0,-0.01,-0.01,21.21,37.0
90,33,0.0,0.0,0.0,0.0,0.0,0.0,0.0,4.02,3.73,3.81,0.88,-0.01,-0.01,-0.01,-0.01,21.24,37.0
91,34,0.0,0.0,0.0,0.0,0.0,0.0,0.0,4.02,3.73,3.81,0.89,-0.02,-0.01,-0.01,-0.01,21.27,37.0
92,34,0.0,0.0,0.0,0.0,0.0,0.0,0.0,4.02,3.73,3.81,0.89,-0.02,-0.01,-0.01,-0.01,21.31,37.0
93,34,0.0,0.0,0.0,0.0,0.0,0.0,0.0,4.02,3.73,3.81,0.89,-0.0,-0.01,-0.02,-0.01,21.31,37.0
94,35,0.0,0.0,0.0,0.0,0.0,0.0,0.0,4.02,3.73,3.81,0.89,-0.0,-0.01,-0.02,-0.01,21.34,37.0
95,35,0.0,0.0,0.0,0.0,0.0,0.0,0.0,4.02,3.73,3.81,0.89,-0.0,-0.0,-0.02,-0.01,21.34,37.0
96,35,0.0,0.0,0.0,0.0,0.0,0.0,0.0,4.02,3.73,3.81,0.9,0.0,-0.0,-0.02,-0.01,21.34,37.0
97,36,0.0,0.0,0.0,0.0,0.0,0.0,0.0,4.02,3.73,3.81,0.9,0.01,-0.0,-0.02,-0.0,21.37,37.0
98,36,0.0,0.0,0.0,0.0,0.0,0.0,0.0,4.02,3.73,3.81,0.9,-0.0,-0.0,-0.01,-0.0,21.37,37.0
99,36,0.0,0.0,0.0,0.0,0.0,0.0,0.0,4.02,3.73,3.81,0.9,-0.0,-0.0,-0.01,-0.0,21.43,37.0
100,37,0.0,0.0,0.0,0.0,0.0,0.0,0.0,4.02,3.73,3.81,0.9,-0.0,-0.0,-0.01,-0.0,21.43,37.0
101,37,0.0,0.0,0.0,0.0,0.0,0.0,0.0,4.02,3.73,3.81,0.9,-0.0,-0.0,-0.01,-0.0,21.46,37.0
102,37,0.0,0.0,0.0,0.0,0.0,0.0,0.0,4.02,3.73,3.81,0.9,-0.0,-0.0,-0.02,-0.0,21.46,37.0
103,38,0.0,0.0,0.0,0.0,0.0,0.0,0.0,4.02,3.73,3.81,0.91,-0.0,-0.0,-0.02,0.0,21.46,37.0
104,38,0.0,0.0,0.0,0.0,0.0,0.0,0.0,4.02,3.73,3.81,0.91,-0.0,-0.0,-0.02,0.01,21.49,37.0
105,39,0.0,0.0,0.0,0.0,0.0,0.0,0.0,4.02,3.73,3.81,0.91,-0.0,-0.0,-0.02,0.01,21.53,37.0
106,39,0.0,0.0,0.0,0.0,0.0,0.0,0.0,4.02,3.73,3.81,0.91,-0.0,-0.0,-0.02,0.01,21.53,37.0
107,39,0.0,0.0,0.0,0.0,0.0,0.0,0.0,4.02,3.73,3.81,0.91,-0.0,-0.0,-0.01,0.01,21.56,37.0
108,40,0.0,0.0,0.0,0.0,0.0,0.0,0.0,4.02,3.73,3.81,0.92,-0.0,-0.0,-0.01,0.0,21.59,37.0
109,40,0.0,0.0,0.0,0.0,0.0,0.0,0.0,4.02,3.73,3.81,0.92,-0.0,-0.0,-0.01,-0.01,21.59,37.0
110,40,0.0,0.0,0.0,0.0,0.0,0.0,0.0,4.02,3.73,3.81,0.92,-0.0,-0.0,-0.01,-0.01,21.62,37.0
111,41,0.0,0.0,0.0,0.0,0.0,0.0,0.0,4.02,3.73,3.81,0.92,-0.0,-0.0,-0.01,-0.0,21.62,37.0
112,41,0.0,0.0,0.0,0.0,0.0,0.0,0.0,4.02,3.73,3.81,0.92,-0.0,-0.0,-0.01,-0.0,21.65,37.0
113,41,0.0,0.0,0.0,0.0,0.0,0.0,0.0,4.02,3.73,3.81,0.92,-0.0,-0.0,-0.01,-0.01,21.65,37.0
114,42,0.0,0.0,0.0,0.0,0.0,0.0,0.0,4.02,3.73,3.81,0.92,-0.0,-0.0,-0.01,-0.01,21.71,37.0
115,42,0.0,0.0,0.0,0.0,0.0,0.0,0.0,4.02,3.73,3.81,0.93,-0.0,-0.0,-0.01,-0.01,21.71,37.0
116,42,0.0,0.0,0.0,0.0,0.0,0.0,0.0,4.02,3.73,3.81,0.93,-0.0,-0.0,-0.01,-0.02,21.75,37.0
117,43,0.0,0.0,0.0,0.0,0.0,0.0,0.0,4.02,3.73,3.81,0.93,-0.0,-0.0,-0.01,-0.02,21.75,37.0
118,43,0.0,0.0,0.0,0.0,0.0,0.0,0.0,4.02,3.73,3.81,0.93,-0.0,-0.0,-0.02,-0.01,21.78,37.0
119,43,0.0,0.0,0.0,0.0,0.0,0.0,0.0,4.02,3.73,3.81,0.93,-0.0,-0.0,-0.02,-0.01,21.78,37.0
120,44,0.0,0.0,0.0,0.0,0.0,0.0,0.0,4.02,3.73,3.81,0.93,-0.0,-0.0,-0.02,-0.01,21.78,37.0
121,44,0.0,0.0,0.0,0.0,0.0,0.0,0.0,4.02,3.73,3.81,0.94,-0.0,-0.0,-0.02,-0.01,21.84,37.0
122,44,0.0,0.0,0.0,0.0,0.0,0.0,0.0,4.02,3.73,3.81,0.94,-0.0,-0.0,-0.01,-0.0,21.87,37.0
123,45,0.0,0.0,0.0,0.0,0.0,0.0,0.0,4.02,3.73,3.81,0.94,-0.0,-0.0,-0.01,-0.0,21.87,37.0
124,45,0.0,0.0,0.0,0.0,0.0,0.0,0.0,4.02,3.73,3.81,0.94,-0.0,-0.0,-0.01,-0.0,21.9,37.0
125,45,0.0,0.0,0.0,0.0,0.0,0.0,0.0,4.02,3.73,3.81,0.94,-0.0,-0.0,-0.01,-0.0,21.9,37.0
126,46,0.0,0.0,0.0,0.0,0.0,0.0,0.0,4.02,3.73,3.81,0.94,-0.0,-0.0,-0.01,-0.0,21.9,37.0
127,46,0.0,0.0,0.0,0.0,0.0,0.0,0.0,4.02,3.73,3.81,0.95,-0.0,-0.0,-0.01,-0.0,21.93,37.0
128,46,0.0,0.0,0.0,0.0,0.0,0.0,0.0,4.02,3.73,3.81,0.95,-0.0,-0.0,-0.01,-0.0,21.97,37.0
129,47,0.0,0.0,0.0,0.0,0.0,0.0,0.0,4.02,3.73,3.81,0.95,-0.0,-0.0,-0.01,0.0,21.97,37.0
130,47,0.0,0.0,0.0,0.0,0.0,0.0,0.0,4.02,3.73,3.81,0.95,0.0,-0.0,-0.01,0.0,22.03,37.0
131,47,0.0,0.0,0.0,0.0,0.0,0.0,0.0,4.02,3.73,3.81,0.95,0.01,-0.0,-0.01,0.0,22.03,37.0
132,48,0.0,0.0,0.0,0.0,0.0,0.0,0.0,4.02,3.73,3.81,0.96,0.01,-0.0,-0.01,-0.0,22.03,37.0
133,48,0.0,0.0,0.0,0.0,0.0,0.0,0.0,4.02,3.73,3.81,0.96,0.01,-0.0,-0.01,-0.0,22.06,37.0
134,48,0.0,0.0,0.0,0.0,0.0,0.0,0.0,4.02,3.73,3.81,0.96,0.01,-0.0,-0.01,-0.01,22.06,37.0
135,49,0.0,0.0,0.0,0.0,0.0,0.0,0.0,4.02,3.73,3.81,0.96,-0.0,-0.0,-0.01,-0.01,22.09,37.0
136,49,0.0,0.0,0.0,0.0,0.0,0.0,0.0,4.02,3.73,3.81,0.96,-0.0,-0.0,-0.01,-0.02,22.12,37.0
137,50,0.0,0.0,0.0,0.0,0.0,0.0,0.0,4.02,3.73,3.81,0.97,-0.0,-0.0,-0.01,-0.01,22.15,37.0
138,50,0.0,0.0,0.0,0.0,0.0,0.0,0.0,4.02,3.73,3.81,0.97,-0.0,-0.0,-0.01,-0.01,22.15,37.0
139,50,0.0,0.0,0.0,0.0,0.0,0.0,0.0,4.02,3.73,3.81,0.97,-0.0,-0.0,-0.01,-0.01,22.22,37.0
140,51,0.0,0.0,0.0,0.0,0.0,0.0,0.0,4.02,3.73,3.81,0.97,-0.0,-0.0,-0.01,-0.01,22.19,37.0
141,51,0.0,0.0,0.0,0.0,0.0,0.0,0.0,4.02,3.74,3.81,0.97,-0.0,-0.0,-0.01,-0.0,22.22,37.0
142,51,0.0,0.0,0.0,0.0,0.0,0.0,0.0,4.02,3.74,3.81,0.98,-0.0,-0.0,-0.01,-0.0,22.22,37.0
143,52,0.0,0.0,0.0,0.0,0.0,0.0,0.0,4.02,3.74,3.81,0.98,-0.0,-0.0,-0.01,-0.0,22.25,37.0
144,52,0.0,0.0,0.0,0.0,0.0,0.0,0.0,4.02,3.74,3.81,0.98,-0.0,-0.0,-0.01,-0.0,22.28,37.0
145,52,0.0,0.0,0.0,0.0,0.0,0.0,0.0,4.02,3.74,3.81,0.98,-0.0,-0.0,-0.01,-0.0,22.31,37.0
146,53,0.0,0.0,0.0,0.0,0.0,0.0,0.0,4.02,3.74,3.81,0.98,-0.0,-0.0,-0.01,-0.0,22.28,37.0
147,53,0.0,0.0,0.0,0.0,0.0,0.0,0.0,4.02,3.74,3.81,0.98,-0.0,-0.0,-0.01,-0.01,22.34,37.0
148,53,0.0,0.0,0.0,0.0,0.0,0.0,0.0,4.02,3.74,3.81,0.98,-0.0,-0.0,-0.01,-0.01,22.37,37.0
149,54,0.0,0.0,0.0,0.0,0.0,0.0,0.0,4.02,3.74,3.81,0.99,-0.0,-0.0,-0.01,-0.02,22.41,37.0
150,54,0.0,0.0,0.0,0.0,0.0,0.0,0.0,4.02,3.74,3.81,0.99,-0.0,-0.0,-0.01,-0.02,22.41,37.0
151,54,0.0,0.0,0.0,0.0,0.0,0.0,0.0,4.02,3.73,3.81,0.99,-0.0,-0.0,-0.01,-0.02,22.44,37.0
152,55,0.0,0.0,0.0,0.0,0.0,0.0,0.0,4.02,3.73,3.81,0.99,-0.0,-0.0,-0.01,-0.01,22.44,37.0
153,55,0.0,0.0,0.0,0.0,0.0,0.0,0.0,4.02,3.73,3.81,0.99,-0.0,-0.0,-0.01,-0.01,22.44,37.0
154,55,0.0,0.0,0.0,0.0,0.0,0.0,0.0,4.02,3.73,3.81,0.99,-0.0,-0.0,-0.01,-0.0,22.5,37.0
155,56,0.0,0.0,0.0,0.0,0.0,0.0,0.0,4.02,3.73,3.81,0.99,-0.0,-0.0,0.0,-0.0,22.5,37.0
156,56,0.0,0.0,0.0,0.0,0.0,0.0,0.0,4.02,3.74,3.81,1.0,-0.0,-0.0,0.0,-0.0,22.5,37.0
157,56,0.0,0.0,0.0,0.0,0.0,0.0,0.0,4.02,3.74,3.81,1.0,-0.0,-0.0,0.0,0.01,22.5,37.0
158,57,0.0,0.0,0.0,0.0,0.0,0.0,0.0,4.02,3.74,3.81,1.0,-0.0,-0.0,0.0,0.01,22.56,37.0
159,57,0.0,0.0,0.0,0.0,0.0,0.0,0.0,4.02,3.74,3.81,1.0,-0.0,-0.0,0.0,0.01,22.56,37.0
160,57,0.0,0.0,0.0,0.0,0.0,0.0,0.0,4.02,3.74,3.81,1.0,-0.0,-0.0,-0.01,0.01,22.59,37.0
161,58,0.0,0.0,0.0,0.0,0.0,0.0,0.0,4.02,3.74,3.81,1.0,-0.0,-0.0,-0.01,0.0,22.59,37.0
162,58,0.0,0.0,0.0,0.0,0.0,0.0,0.0,4.02,3.74,3.81,1.01,-0.0,-0.0,-0.01,-0.0,22.63,37.0
163,58,0.0,0.0,0.0,0.0,0.0,0.0,0.0,4.02,3.74,3.81,1.01,-0.0,-0.0,-0.01,-0.0,22.66,37.0
164,59,0.0,0.0,0.0,0.0,0.0,0.0,0.0,4.02,3.74,3.81,1.01,-0.0,-0.0,-0.01,-0.0,22.66,37.0
165,59,0.0,0.0,0.0,0.0,0.0,0.0,0.0,4.02,3.74,3.81,1.01,-0.0,-0.01,-0.01,-0.01,22.69,37.0
166,60,0.0,0.0,0.0,0.0,0.0,0.0,0.0,4.02,3.74,3.81,1.01,-0.0,-0.01,-0.01,-0.01,22.69,37.0
167,60,0.0,0.0,0.0,0.0,0.0,0.0,0.0,4.02,3.74,3.81,1.02,-0.0,-0.01,-0.01,-0.01,22.72,37.0
168,60,0.0,0.0,0.0,0.0,0.0,0.0,0.0,4.02,3.74,3.81,1.02,-0.0,-0.01,-0.01,-0.02,22.72,37.0
169,61,0.0,0.0,0.0,0.0,0.0,0.0,0.0,4.02,3.74,3.81,1.02,-0.0,-0.01,-0.01,-0.02,22.75,37.0
170,61,0.0,0.0,0.0,0.0,0.0,0.0,0.0,4.02,3.74,3.81,1.02,-0.0,-0.0,-0.01,-0.01,22.78,37.0
171,61,0.0,0.0,0.0,0.0,0.0,0.0,0.0,4.02,3.74,3.81,1.02,-0.0,-0.0,-0.01,-0.01,22.81,37.0
172,62,0.0,0.0,0.0,0.0,0.0,0.0,0.0,4.02,3.74,3.81,1.03,-0.0,-0.0,-0.01,-0.01,22.78,37.0
173,62,0.0,0.0,0.0,0.0,0.0,0.0,0.0,4.02,3.74,3.81,1.03,-0.0,-0.0,-0.01,-0.0,22.85,37.0
174,62,0.0,0.0,0.0,0.0,0.0,0.0,0.0,4.02,3.74,3.81,1.03,-0.0,-0.0,-0.01,-0.0,22.85,37.0
175,63,0.0,0.0,0.0,0.0,0.0,0.0,0.0,4.02,3.74,3.81,1.03,-0.0,-0.0,-0.01,-0.0,22.85,37.0
176,63,0.0,0.0,0.0,0.0,0.0,0.0,0.0,4.02,3.74,3.81,1.03,-0.0,-0.01,-0.01,-0.0,22.91,37.0
177,63,0.0,0.0,0.0,0.0,0.0,0.0,0.0,4.02,3.74,3.81,1.03,-0.0,-0.02,-0.01,-0.0,22.91,37.0
178,64,0.0,0.0,0.0,0.0,0.0,0.0,0.0,4.02,3.73,3.81,1.03,-0.0,-0.02,-0.01,-0.01,22.94,37.0
179,64,0.0,0.0,0.0,0.0,0.0,0.0,0.0,4.02,3.73,3.81,1.03,-0.0,-0.02,-0.01,-0.01,22.97,37.0
180,64,0.0,0.0,0.0,0.0,0.0,0.0,0.0,4.02,3.73,3.81,1.04,-0.01,-0.02,-0.01,-0.01,22.94,37.0
181,65,0.0,0.0,0.0,0.0,0.0,0.0,0.0,4.02,3.73,3.81,1.04,-0.01,-0.01,-0.01,-0.01,22.97,37.0
182,65,0.0,0.0,0.0,0.0,0.0,0.0,0.0,4.02,3.73,3.81,1.04,-0.01,-0.0,-0.01,-0.01,23.04,37.0
183,65,0.0,0.0,0.0,0.0,0.0,0.0,0.0,4.02,3.73,3.81,1.04,-0.01,-0.0,-0.01,-0.02,23.0,37.0
184,66,0.0,0.0,0.0,0.0,0.0,0.0,0.0,4.02,3.73,3.81,1.04,-0.01,-0.0,-0.01,-0.02,23.04,37.0
185,66,0.0,0.0,0.0,0.0,0.0,0.0,0.0,4.02,3.73,3.81,1.05,-0.0,-0.0,-0.01,-0.01,23.07,37.0
186,66,0.0,0.0,0.0,0.0,0.0,0.0,0.0,4.02,3.74,3.81,1.05,-0.0,-0.0,-0.01,-0.01,23.07,37.0
187,67,0.0,0.0,0.0,0.0,0.0,0.0,0.0,4.02,3.74,3.81,1.05,-0.0,-0.0,-0.01,-0.01,23.1,37.0
188,67,0.0,0.0,0.0,0.0,0.0,0.0,0.0,4.02,3.74,3.81,1.05,-0.0,-0.0,-0.01,-0.0,23.1,37.0
189,67,0.0,0.0,0.0,0.0,0.0,0.0,0.0,4.02,3.74,3.81,1.05,-0.0,-0.0,-0.01,-0.0,23.13,37.0
190,68,0.0,0.0,0.0,0.0,0.0,0.0,0.0,4.02,3.74,3.81,1.06,-0.0,-0.0,-0.01,-0.0,23.16,37.0
191,68,0.0,0.0,0.0,0.0,0.0,0.0,0.0,4.02,3.74,3.81,1.06,-0.0,-0.0,-0.01,0.01,23.19,37.0
192,68,0.0,0.0,0.0,0.0,0.0,0.0,0.0,4.02,3.74,3.81,1.06,-0.0,-0.0,-0.01,0.0,23.19,37.0
193,69,0.0,0.0,0.0,0.0,0.0,0.0,0.0,4.02,3.74,3.81,1.06,-0.0,-0.0,-0.01,0.0,23.19,37.0
194,69,0.0,0.0,0.0,0.0,0.0,0.0,0.0,4.02,3.74,3.81,1.06,-0.0,-0.0,-0.01,0.0,23.22,37.0
195,69,0.0,0.0,0.0,0.0,0.0,0.0,0.0,4.02,3.74,3.81,1.06,-0.0,-0.0,-0.01,-0.0,23.26,37.0
196,70,0.0,0.0,0.0,0.0,0.0,0.0,0.0,4.02,3.74,3.81,1.07,-0.0,-0.0,-0.01,-0.01,23.29,37.0
197,70,0.0,0.0,0.0,0.0,0.0,0.0,0.0,4.02,3.74,3.81,1.07,-0.0,-0.0,-0.01,-0.01,23.29,37.0
198,70,0.0,0.0,0.0,0.0,0.0,0.0,0.0,4.02,3.74,3.81,1.07,-0.0,-0.0,-0.02,-0.01,23.32,37.0
199,71,0.0,0.0,0.0,0.0,0.0,0.0,0.0,4.02,3.74,3.81,1.07,-0.0,-0.0,-0.02,-0.01,23.32,37.0
200,71,0.0,0.0,0.0,0.0,0.0,0.0,0.0,4.02,3.74,3.81,1.07,-0.0,-0.0,-0.02,-0.01,23.32,37.0
201,72,0.0,0.0,0.0,0.0,0.0,0.0,0.0,4.02,3.74,3.81,1.07,-0.0,-0.0,-0.02,-0.01,23.38,37.0
202,72,0.0,0.0,0.0,0.0,0.0,0.0,0.0,4.02,3.74,3.81,1.08,-0.0,-0.0,-0.02,-0.0,23.41,37.0
203,72,0.0,0.0,0.0,0.0,0.0,0.0,0.0,4.02,3.74,3.81,1.08,-0.0,-0.0,-0.01,-0.01,23.41,37.0
204,73,0.0,0.0,0.0,0.0,0.0,0.0,0.0,4.02,3.74,3.81,1.08,-0.0,-0.0,-0.01,-0.01,23.41,37.0
205,73,0.0,0.0,0.0,0.0,0.0,0.0,0.0,4.02,3.74,3.81,1.08,-0.0,-0.0,-0.01,-0.01,23.44,37.0
206,73,0.0,0.0,0.0,0.0,0.0,0.0,0.0,4.02,3.74,3.81,1.08,-0.01,-0.0,-0.01,-0.01,23.48,37.0
207,74,0.0,0.0,0.0,0.0,0.0,0.0,0.0,4.02,3.74,3.81,1.08,-0.01,-0.0,-0.01,-0.01,23.48,37.0
208,74,0.0,0.0,0.0,0.0,0.0,0.0,0.0,4.02,3.74,3.81,1.09,-0.0,-0.0,-0.01,-0.0,23.48,37.0
209,74,0.0,0.0,0.0,0.0,0.0,0.0,0.0,4.02,3.74,3.81,1.09,-0.0,-0.0,-0.01,-0.0,23.51,37.0
210,75,0.0,0.0,0.0,0.0,0.0,0.0,0.0,4.02,3.74,3.81,1.09,-0.0,-0.0,-0.01,-0.0,23.57,37.0
211,75,0.0,0.0,0.0,0.0,0.0,0.0,0.0,4.02,3.74,3.81,1.09,-0.0,-0.0,-0.01,-0.0,23.57,37.0
212,75,0.0,0.0,0.0,0.0,0.0,0.0,0.0,4.02,3.74,3.81,1.09,-0.0,-0.0,-0.01,-0.0,23.57,37.0
213,76,0.0,0.0,0.0,0.0,0.0,0.0,0.0,4.02,3.74,3.81,1.09,-0.0,-0.0,-0.01,-0.01,23.6,37.0
214,76,0.0,0.0,0.0,0.0,0.0,0.0,0.0,4.02,3.74,3.81,1.1,-0.0,-0.0,-0.01,-0.01,23.63,37.0
215,76,0.0,0.0,0.0,0.0,0.0,0.0,0.0,4.02,3.74,3.81,1.1,-0.01,-0.0,-0.01,-0.01,23.63,37.0
216,77,0.0,0.0,0.0,0.0,0.0,0.0,0.0,4.02,3.74,3.81,1.1,-0.01,-0.0,-0.01,-0.01,23.66,37.0
217,77,0.0,0.0,0.0,0.0,0.0,0.0,0.0,4.02,3.74,3.81,1.1,-0.01,-0.0,-0.01,-0.01,23.66,37.0
218,77,0.0,0.0,0.0,0.0,0.0,0.0,0.0,4.02,3.74,3.81,1.1,-0.0,-0.0,-0.01,-0.0,23.7,37.0
219,78,0.0,0.0,0.0,0.0,0.0,0.0,0.0,4.03,3.74,3.81,1.11,-0.0,-0.0,-0.01,-0.0,23.7,37.0
220,78,0.0,0.0,0.0,0.0,0.0,0.0,0.0,4.03,3.74,3.81,1.11,-0.0,-0.0,0.0,-0.0,23.76,37.0
221,78,0.0,0.0,0.0,0.0,0.0,0.0,0.0,4.02,3.74,3.81,1.11,-0.0,-0.0,0.0,-0.0,23.76,37.0
222,79,0.0,0.0,0.0,0.0,0.0,0.0,0.0,4.02,3.74,3.81,1.11,-0.0,-0.0,0.0,-0.01,23.79,37.0
223,79,0.0,0.0,0.0,0.0,0.0,0.0,0.0,4.02,3.74,3.81,1.11,-0.0,-0.0,0.0,-0.01,23.79,37.0
224,79,0.0,0.0,0.0,0.0,0.0,0.0,0.0,4.02,3.74,3.81,1.11,-0.0,-0.0,0.0,-0.01,23.79,37.0
225,80,0.0,0.0,0.0,0.0,0.0,0.0,0.0,4.02,3.74,3.81,1.12,-0.0,-0.0,-0.01,-0.01,23.82,37.0
226,80,0.0,0.0,0.0,0.0,0.0,0.0,0.0,4.02,3.74,3.81,1.11,-0.0,-0.0,-0.01,-0.0,23.85,37.0
227,81,0.0,0.0,0.0,0.0,0.0,0.0,0.0,4.02,3.74,3.81,1.11,-0.0,-0.0,-0.01,-0.0,23.85,37.0
228,81,0.0,0.0,0.0,0.0,0.0,0.0,0.0,4.02,3.74,3.81,1.11,-0.0,-0.0,-0.01,-0.0,23.88,37.0
229,81,0.0,0.0,0.0,0.0,0.0,0.0,0.0,4.02,3.74,3.81,1.11,-0.0,-0.0,-0.01,-0.0,23.92,37.0
230,82,0.0,0.0,0.0,0.0,0.0,0.0,0.0,4.02,3.74,3.81,1.12,-0.0,-0.0,-0.01,-0.0,23.95,37.0
231,82,0.0,0.0,0.0,0.0,0.0,0.0,0.0,4.02,3.74,3.81,1.13,-0.0,-0.0,-0.01,-0.0,23.95,37.0
232,82,0.0,0.0,0.0,0.0,0.0,0.0,0.0,4.02,3.74,3.81,1.13,-0.0,-0.0,-0.01,-0.0,23.95,37.0
233,83,0.0,0.0,0.0,0.0,0.0,0.0,0.0,4.02,3.74,3.81,1.13,-0.0,-0.0,-0.01,-0.0,23.98,37.0
234,83,0.0,0.0,0.0,0.0,0.0,0.0,0.0,4.0,3.73,3.8,1.14,-0.0,-0.0,-0.01,-0.0,24.01,37.0
235,83,0.0,0.0,0.0,0.0,0.0,0.0,0.0,3.99,3.73,3.79,1.0,-0.0,-0.0,-0.01,-0.0,24.01,37.0
236,84,0.0,0.0,0.0,0.0,0.0,0.0,0.0,3.99,3.73,3.79,0.77,-0.0,-0.0,-0.01,-0.0,24.04,37.0
237,84,0.0,0.0,0.0,0.0,0.0,0.0,0.0,3.99,3.72,3.79,0.55,-0.0,-0.0,-0.0,-0.0,24.04,37.0
238,84,0.0,0.0,0.0,0.0,0.0,0.0,0.0,3.98,3.72,3.78,0.32,-0.0,0.0,-0.0,0.0,24.07,37.0
239,85,0.0,0.0,0.0,0.0,0.0,0.0,0.0,4.01,3.72,3.8,0.08,-0.0,0.0,-0.0,0.0,24.14,37.0
240,85,0.0,0.0,0.0,0.0,0.0,0.0,0.0,4.01,3.72,3.8,0.0,-0.0,0.0,-0.0,0.0,24.1,37.0
241,85,0.0,0.0,0.0,0.0,0.0,0.0,0.0,4.01,3.72,3.8,0.0,0.0,0.0,-0.0,0.0,24.1,37.0
242,86,0.0,0.0,0.0,0.0,0.0,0.0,0.0,4.02,3.72,3.8,0.0,0.0,0.0,-0.0,0.0,24.17,37.0
243,86,0.0,0.0,0.0,0.0,0.0,0.0,0.0,4.02,3.72,3.8,0.0,0.0,0.0,-0.0,0.0,24.17,37.0
244,86,0.0,0.0,0.0,0.0,0.0,0.0,0.0,4.01,3.72,3.8,-0.0,0.0,0.0,-0.0,0.0,24.2,37.0
245,87,0.0,0.0,0.0,0.0,0.0,0.0,0.0,4.02,3.72,3.8,-0.0,0.0,0.0,-0.0,0.0,24.2,37.0
246,87,0.0,0.0,0.0,0.0,0.0,0.0,0.0,4.01,3.72,3.8,-0.0,0.0,0.0,-0.01,0.0,24.2,37.0
247,87,0.0,0.0,0.0,0.0,0.0,0.0,0.0,4.02,3.72,3.8,0.0,0.0,0.0,-0.01,0.0,24.23,37.0
248,88,0.0,0.0,0.0,0.0,0.0,0.0,0.0,4.02,3.72,3.8,0.0,0.0,0.0,-0.01,0.0,24.26,37.0
249,88,0.0,0.0,0.0,0.0,0.0,0.0,0.0,4.02,3.72,3.8,0.0,0.0,0.0,-0.01,0.0,24.26,37.0
250,88,0.0,0.0,0.0,0.0,0.0,0.0,0.0,4.02,3.72,3.8,0.0,0.0,0.0,-0.01,0.0,24.32,37.0
251,89,0.0,0.0,0.0,0.0,0.0,0.0,0.0,4.02,3.72,3.8,0.0,0.0,0.0,-0.0,0.0,24.32,37.0
252,89,0.0,0.0,0.0,0.0,0.0,0.0,0.0,4.02,3.72,3.8,0.0,0.0,0.0,-0.0,0.0,24.39,37.0
253,89,0.0,0.0,0.0,0.0,0.0,0.0,0.0,4.02,3.72,3.8,0.0,-0.0,0.0,-0.0,0.0,24.36,37.0
254,90,0.0,0.0,0.0,0.0,0.0,0.0,0.0,4.02,3.72,3.79,0.0,0.0,0.0,-0.0,0.0,24.39,37.0
255,90,0.0,0.0,0.0,0.0,0.0,0.0,0.0,4.02,3.72,3.79,0.0,0.0,0.0,-0.0,0.0,24.39,37.0
256,90,0.0,0.0,0.0,0.0,0.0,0.0,0.0,4.02,3.72,3.79,0.0,0.0,0.0,-0.0,0.0,24.42,37.0
257,91,0.0,0.0,0.0,0.0,0.0,0.0,0.0,4.02,3.72,3.79,0.0,0.0,0.0,-0.0,0.0,24.45,37.0
258,91,0.0,0.0,0.0,0.0,0.0,0.0,0.0,4.02,3.72,3.79,0.0,0.0,0.0,-0.0,0.0,24.48,37.0
259,91,0.0,0.0,0.0,0.0,0.0,0.0,0.0,4.02,3.72,3.79,-0.0,0.0,0.0,-0.0,0.0,24.48,37.0
260,92,0.0,0.0,0.0,0.0,0.0,0.0,0.0,4.02,3.72,3.79,-0.0,0.0,0.0,-0.0,0.0,24.48,37.0
261,92,0.0,0.0,0.0,0.0,0.0,0.0,0.0,4.02,3.72,3.79,-0.0,0.0,0.0,-0.0,0.0,24.54,37.0
262,93,0.0,0.0,0.0,0.0,0.0,0.0,0.0,4.02,3.72,3.79,0.0,0.0,0.0,-0.0,0.0,24.51,37.0
263,93,0.0,0.0,0.0,0.0,0.0,0.0,0.0,4.02,3.72,3.79,0.0,0.0,0.0,-0.0,0.0,24.54,37.0
264,93,0.0,0.0,0.0,0.0,0.0,0.0,0.0,4.02,3.72,3.79,0.0,0.0,0.0,-0.0,0.0,24.58,37.0
